acne,g
adygea cheese,g
adzhika,g
agar-agar,g
agawa syrup,g
aiva puree,g
ajika is green,g
albuhara,pc
alchermes liquor,g
alcohol,cup
alcohol,g
alcohol is strong,large spoon
almehi,g
almond,g
almond cookies,g
almond essence,g
almond extract,drop
almond flour,g
almond mass,g
almond milk,g
almond oil,g
almond pasta,g
almond petals,g
almond syrup,g
almond to poline,g
amaranth flour,g
amarteti cookies,g
amartto liquor,g
anchovies,g
angler,g
anis seeds,g
anis stars,g
anise,to your liking
anise liquor,ml
anise's vodka,teaspoon
antonovka apples,kg
apple chips,cup
apple essence,teaspoon
apple jam,g
apple juice,g
apple syrup,large spoon
apple vinegar,g
apples,g
apples gala,g
apples of unsteady varieties,g
applesauce,g
applesauce,large spoon
apricot jam,g
apricot juice,cup
apricot puree,g
apricots,g
arab cakes,pc
arachis fried,g
arachis is salty,g
argan oil,g
artichokes,g
artichokes in oil,g
arysta,g
ashi,g
asparagus,kg
aspirin,pc
asso roll,g
assorted berry,g
assorted fruit,g
assorted meat,g
assorted vegetable,g
avocado,to your liking
avocado oil,g
ayran,g
bacon,to your liking
bacon boiled-cocked,g
bacon is raw -swarmed,g
badan,star
badyan,pinch
baget mini,g
baget yesterday,g
baguette,g
baileys liquor,g
baked duck,g
bakeling flour,g
baking powder,g
baking powder,teaspoon
balm,g
balsamic cream,cup
balsamic sauce,large spoon
balsamic vinegar,cup
balyk,g
bami,g
banana chips,handful
banana green syrup,ml
banana liquor,ml
banana puree,g
bananas,g
bananas mini,g
barabulka,g
barana light,kg
barani antrekota,kg
barani froshch,g
barani golyashki,pc
barani gutted,kg
barani ham on the bone,piece
barani liver,g
barbecue ketchup,g
barbecue sauce,g
barberis is dried,large spoon
barberis is ground,g
barberry,g
barley,g
barley flakes,g
barley grits,g
basabi,g
bashturma,g
basil is dried,g
basil is lemon,g
basil thai,handful
basil violet,g
baton,g
bay leaf,g
beads confectionery silver,to your liking
beans,g
beef,g
beef beefsteks,g
beef blade,g
beef cherev,g
beef clipping,pc
beef flesh,kg
beef heart,to your liking
beef liver,pc
beef on the bones,g
beef ribs,g
beef shake,kg
beef shit,g
beef steaks ribai,g
beef sternum,kg
beef tongue,g
beer,g
beer is not non -refilled,g
beet,g
beetroot leaves,g
beetroot tops,g
belarusian,g
belaya beans are canned,g
belly boiled,g
berries,g
berry jam,large spoon
berry jelly,g
berry juice,g
berry sauce is sour,g
berry syrup,g
birates,g
bird,g
biscuit,g
biscuit baby,g
biscuit cake,g
biscuit cookies,g
biscuit roll,g
black -fruited mountain ash,g
black bean sauce,large spoon
black caviar,g
black currant,g
black eye beans,g
black glaze,to your liking
black grapes,g
black heavy tea,teaspoon
black olives,to your liking
black patho (melassa),g
black pepper,large spoon
black pepper,g
black pepper is freshly ground,g
black pepper with peas,to your liking
black raisins,g
black sesame,teaspoon
black tea,g
black tea with spices,package
blackberry,g
blackberry frozen,g
blackmorrhea jam,g
blood,ml
blood sausage,g
blue cheese,g
blue grapes,g
blue sugar is large,g
blueberries are frozen,g
blueberry,g
blueberry jam,cup
bobs,g
bobs are thin,pc
bobs mung prevented,g
boiled beans boiled,g
boiled beets,g
boiled brisket is boiled,g
boiled bump-cocked pork,g
boiled carrots,g
boiled chicken,g
boiled lentils,large spoon
boiled potatoes,g
boiled potatoes in uniform,g
boiled rice,g
boiled sausage,g
boiled-dumped ham,piece
boiled-smoked ham,g
boiling water,g
bones,g
book,piece
borodinsky bread,piece
botarg,g
bottom is fat,g
bouillon,g
bourbon,g
brain beef,pc
brain bones,g
bran,g
branchi,g
brandy,g
brasaola,g
brash-nosar,pc
brazilian nuts,g
bread,g
bread 7 cereals,loaf
bread baby,g
bread for sandwiches,g
bread mixture 8 cereals,g
bread with sesame seeds,piece
breadcrumbs,g
breakfast is a dry pillow,g
breakfast is dry,g
brine,g
briosh buns,pc
brisket,g
broccoli frozen,g
broth cubes,g
brown flour,g
brown large -bloodstalline sugar,g
brown rice,g
brown sugar,g
brusnice jam,g
brusnice sauce,g
brusnika is dried,g
brussels cabbage,g
brussels cabbage frozen,g
bruttered cookies,g
brynza,to your liking
brynza serbian,g
buckwheat,g
buckwheat flakes,g
buckwheat flour,g
buckwheat grain,g
buckwheat milk,cup
buckwheat noodles,g
buko cheese,g
bulgarian pepper,g
bulgarian pepper red,g
bulgur,g
bull tail,g
bunny without bones,g
buns,g
burnel,ml
burrata,g
buryak,g
butter,g
buttermilk,g
buzhenina,g
buzina syrup,large spoon
cabbage,g
cabbage brine,g
cabbage is frozen,g
cabbage of kale,g
cabbage of kohlrabi,g
cabbage sea,to your liking
cabbage sea frozen,g
cakes,g
calcium chloride,g
calf,pc
calf shnitzeli,pc
calm cheek,pc
calm clipping,g
calm escalopes,g
calm liver,g
calm stuffing,g
calmar boiled,g
calmar fillet,pc
calmar is canned,g
calvados,g
cambala fillet,g
camembert,package
campari,ml
cancer neck,g
cancer neck in brine,g
candied fruit,g
candy,to your liking
candy candy,g
candy m & m’s,g
canned apricots,g
canned beans,g
canned chickpeas,g
canned fish,g
canned olives,g
canned pears syrup,g
canned tomatoes in their own juice,g
cannelloni,g
capellini,g
capers,g
capers in vine vinegar,g
capers pickled,g
capinons canned,g
cappuccino,g
caracatic is purified,g
carambola,g
caramel,ml
caramel is salty,g
caramel sauce,g
caramel with filling,g
caraway,g
carbon fences seeds,g
carbooden,g
carbot,g
cardamom,g
cardamon grain,teaspoon
cardamon ground,g
cardamon pods,pc
carnation,g
carnation is ground,to your liking
carp,g
carp fillet,kg
carp mirror,kg
carrot,g
carrot puree,g
carrots are in korean,g
carrots are large,g
cashew nuts,g
cataifi dough,g
caught tomatoes,g
cauliflower,g
caviar,g
caviar cap,g
caviar of dried fish,g
caviar of flying fish,g
caviar of zander,g
caviar pink salmon is granular,g
cedar flour,g
cedar nut oil,g
celery,g
celery greens,g
celery is dried root,to your liking
celery root,g
celery salt,g
celery seeds,teaspoon
celery stems,g
cereal flakes,g
cerebral cream powder,g
cervalate is boiled-smoked,g
cesard carcass,g
champagne,g
champary dry,large spoon
champignon,to your liking
champignons are fresh,g
champignons frozen,g
chanterelles,g
chard,g
chatny mango,g
chechil spaghetti,g
cheddar,g
cheese,g
cheese austria blue,g
cheese brig,g
cheese fontina,g
cheese goya,g
cheese jugas,g
cheese kefalotiri,g
cheese tete de moine,g
cheese with mold is soft,g
cheese with plates,g
cheremukhovaya flour,g
chern,g
cherries canned without bones,large spoon
cherry,g
cherry cocktail,g
cherry dietary dye,pinch
cherry is frozen,g
cherry is sluggish,g
cherry is sugared confectionery,pc
cherry jam,g
cherry juice,g
cherry leaves,g
cherry liquor,to your liking
cherry maraskino,pc
cherry plum,g
cherry syrup,cup
cherry tincture,ml
cherry tomatoes,g
cherry tomatoes are yellow,g
cherry wiped with sugar,g
chestnut cream,g
chestnuts,g
chewing sweets is vain,g
chia semyon,g
chiabatta,piece
chicken bones,g
chicken bouillon,g
chicken breasts,g
chicken breasts boiled,g
chicken breasts smoked,g
chicken carcass,g
chicken eggs,g
chicken eggs are large,g
chicken fillet,g
chicken for frying,kg
chicken giblets,g
chicken ham,g
chicken hearts,g
chicken hips,g
chicken leather,g
chicken legs,g
chicken liver,g
chicken minced meat,g
chicken paste,g
chicken shin -smoked,pc
chicken soup set,kg
chicken strap smoked,g
chicken ventricles,pc
chicken wings,g
chickens,g
chickens-cornshons,pc
chickpeas,g
chicory,teaspoon
children food,g
chile pepper dry,large spoon
chile pepper red,pod
chile sauce is sweet,teaspoon
chili sauce,g
chilli,g
chinese salad,g
chipotle ground,pinch
chocolate,g
chocolate balls from ready -made breakfasts,handful
chocolate bars,g
chocolate biscuit,g
chocolate black bitter,g
chocolate black bitter 70%,g
chocolate black bitter 75%,teaspoon
chocolate black bitter 85%,g
chocolate candies,g
chocolate cookies,g
chocolate drops,g
chocolate drops are white,g
chocolate flakes,g
chocolate glaze white,g
chocolate is white,g
chocolate liquor,g
chocolate mastic,g
chocolate mint,g
chocolate oil,g
chocolate paste,g
chocolate peas,g
chocolate sauce,g
chocolate shavings,g
chocolate syrup,g
chocolate waffles,g
chocolate with nuts,g
chocolate-naked pasta,g
chopped almonds,g
chopped meat,g
chopped peas,g
chorizo,g
cider,g
cinnamon,g
cinnamon is ground,g
citron tsukati,handful
citrus fruits,pc
clack beads,teaspoon
claires 4 cereals,g
cleaned chestnuts,g
cleat cream,g
clementine,g
cloudberry,g
coacked salad,g
coca cola,large spoon
cocoa,handful
cocoa bobs,g
cocoa condensed,jar
cocoa oil,g
cocoa powder,to your liking
cocoa powder is fat-free,g
coconut chips,g
coconut chips are colored,g
coconut cream,g
coconut extract,g
coconut flour,large spoon
coconut liquor,large spoon
coconut milk,g
coconut oil,ml
coconut water,cup
coconuts,g
cod,g
cod fillet,g
cod liver,g
coffee drink,ml
coffee extract,ml
coffee grains in chocolate,g
coffee is black,g
coffee is green,g
coffee liquor,g
coffee liquor kahlua,ml
coffee syrup,g
cognac,g
cointreau liquor,g
cola,g
cold smoking mackerel,g
cold smoking salmon,g
cold smoking sturgeon,g
cold smoking trout,g
compote,g
condensed milk,g
conducted fish,jar
conducted fruits,g
conducted octopuses,g
conducted tuna,g
confectionery cream,g
confiture,to your liking
confiture,package
cookies,to your liking
"cookies ""ladies fingers""",g
cools are small,g
coriander,g
coriander greens,g
coriander is ground,g
coriander seeds,g
corn,g
corn (gold) syrup,g
corn cakes,pc
corn canned,g
corn chips,g
corn flour,g
corn fried pure,g
corn grits,g
corn oil,g
corn starch,to your liking
corn sticks,g
cornflakes,g
cornishness,g
cosius cheese is hard,g
cosius cheese is soft,g
costaneous chestnuts,g
cottage cheese,g
cottage cheese 18%,g
cottage cheese 2%,g
cottage cheese 5%,g
cottage cheese 9%,g
cottage cheese is salty,g
crab,g
crab meat,g
crab sticks,to your liking
cracker,g
cracker is salty,g
crackers,to your liking
crackers are ground,g
cranberry,g
cranberry is frozen,g
cranberry is sluggish,g
cranberry jam,g
cranberry juice,large spoon
cranberry sauce,g
cranberry syrup,g
cranberry wiped with sugar,g
crayfish,pc
cream,package
cream 10-20%,g
cream 15%,g
cream 20%,g
cream 33-35%,g
cream cheese,g
cream cheese cheese,g
cream fat,g
cream liquor,g
cream of tartar,pinch
cream-frash,g
creamy liquor,g
creole seasoning,large spoon
crill meat,g
crisps,g
croissants,to your liking
cross salates,g
crouping rice,g
crowning jam,jar
crucian carp,g
crushed almonds,g
cucumber pickle,cup
cucumbers,g
cucumbers are canned,pc
culinary fat,g
curd,g
curd cheeses,g
curd is grain,g
curd pasta,g
currant,large spoon
currant leaves,g
curry,g
curry leaves,g
curry paste,package
curular flakes glazed,g
cuscu,g
cuttlefish,g
cuttlefish ink,g
daikon,g
dairy mixture,g
dairy products,g
dandelions,g
danish bread rye,g
dark beer,jar
dark malt,g
dates,g
dates iranian without bones,pc
dates without bones,cup
desser wine,g
devzira fig,g
dick-gel drill,pc
dijon mustard,g
dijon mustard with honey,g
dill,g
dill seed,teaspoon
dining vinegar,g
district protein isolated,g
dobra -green dye,large spoon
dogwood,g
dolma,g
dough dough,g
drage,g
dragon fruit,pc
dranda,pc
dranda gutted with the head,pc
dranda with a head,pc
dried apricots,to your liking
dried apricots,g
dried cilantro,g
dried dill,g
dried figs,g
dried foxes,g
dried fruits,g
dried garlic,g
dried mulberry,g
dried popon,sprig
dried shrimp,g
dried tomatoes in oil,g
drown chamomile,g
dry,g
dry apples,g
dry fruits are tropical,to your liking
dry herbs,g
dry milk,g
dry milk fat,large spoon
dry mint,g
dry onion,g
dry white wine,g
dry yeast,to your liking
drying,g
duck,to your liking
duck breast,g
duck fillet,g
duck hips,g
duck legs,to your liking
duck liver,g
dumplings,g
dutch cheese,g
edam,g
egg melange,g
egg noodles in nests,pc
egg powder,large spoon
egg proteins,g
egg yolks,g
egg yolks boiled,pc
egg-nog,cup
eggplant,to your liking
eggplant mini,g
el,ml
embustle,g
engraving cheese,g
escalope,g
espresso coffee,cup
eternal sourdough,g
exotic sauce,g
extra virgin olive oil,g
fat,g
fat fools are fat -free,g
fat vegetable,g
fatox,g
faty sour cream,g
feaki,g
feihoa,g
fenhel seeds,g
fenhel seeds are ground,g
fennel,g
fenugreek,g
fereso kenyskaya,handful
fern,g
festate,g
feta,g
fettuchin,g
fial syrup,g
fighty trout,g
figs,g
filefish files,pc
files of the naval language,g
fili dough,g
fish,g
fish bones,g
fish broth,g
fish fillet,g
fish minced meat,g
fish sauce,g
"fish scraps, heads, fins",to your liking
fish smoked fillet,g
fish white fillet,g
flakes 5 cereals,g
flakes 7 cereals,large spoon
flavor,g
"flavor ""cherries""",drop
"flavor ""pineapple""",to your liking
"flavor ""rum""",g
flax flour,g
flax seed is ground,g
flax-seed,g
flounder,g
flour,g
"flour ""aladushkin""",g
flour 1 variety,g
flour 2 var,g
flour with bran,teaspoon
flour with seeds,g
flower pollen,g
focach,to your liking
food black dye,g
food dye,g
food orange dye,g
food purple dye,g
food red dye,g
food yellow dye,g
fool,g
forest berries,g
forest berries are frozen,g
forest mushrooms,g
forest nuts,g
fortified wine,g
"fragrance ""raspberry""",drop
fragrant herbs,g
french mustard,g
fresh basil,g
fresh bay leaves,pc
fresh broccoli,g
fresh cilantro,clove
fresh coffee,g
fresh cucumbers,g
fresh dill,g
fresh dough,g
fresh figs,g
fresh lingonberries,g
fresh mackerel,g
fresh mushrooms,g
fresh pepper,teaspoon
fresh pink peas,g
fresh salmon,g
fresh sausage (salsiccia),pc
fresh sorrel,sprig
fresh spinach,g
fresh tulka,g
fresh yeast,g
freshly squeezed juice,ml
frozen berries,g
frozen blueberry,g
frozen corn,g
frozen lingonberry,g
frozen mushrooms,g
frozen mushrooms (mushrooms and oils),g
frozen patch beans,g
frozen plums,g
frozen sea buckthorn,g
frozen sea cocktail,g
frozen spinach,g
frozen vegetable mixture,g
frozen vegetable mixture for wok,g
fructose,g
fruit,g
fruit juice,g
fruit juice without sugar,cup
fruit syrup,g
frying almonds,g
frying cedar nuts,g
fuck with cream,g
fucking flakes,large spoon
funchosa,g
galangal root,slice
galette cookies,pc
gamburgers buns,pc
ganash,g
ganged nuts are chopped,g
garam masala,g
garlic,g
garlic is young,g
garlic oil,to your liking
garlic powder,g
garlic salt,pinch
garney's bouquet,bunch
garnish,g
gauda cheese,g
gazpacho,g
gelatin,g
gelatin leaf,to your liking
gelatin mastic,g
geling substance,package
geranium leaves,g
getty flour,g
gin,g
ginger,g
ginger beer,ml
ginger is ground,g
ginger is sugared,g
ginger jam,g
ginger root,g
ginger tsukata,large spoon
gingerbread,g
gingerbread cookie,to your liking
gingerbread dough,g
gingerbread spices,g
ginseng,g
glass noodles,g
glaze,g
glucose,g
glucose syrup,g
glutamate sodium,g
gluten,g
goat liver,g
goji,g
golden apples,g
golden rice,g
golota fille,pc
goose,g
goose carcass,kg
goose fat,large spoon
goose liver,g
gooseberry,g
gorbusha fillet,g
gorgonzola,g
gorgonzole picant,g
gorky chocolate with orange zest,g
grana padano,large spoon
granding pork,to your liking
granite,g
granol with nuts,g
granulated sugar,g
grape,g
grape jelly,large spoon
grape juice,g
grape juice is lightened,teaspoon
grape leaves,g
grape leaves pickled,g
grape seed oil,g
grapefruit,g
grapefruit juice,g
grapefruit pink,g
grapefruitic zest,g
grapes are young,pc
grapes without bones,g
grappa,teaspoon
grated carrots,pc
gratuten,kg
gray bread,g
greek buckwheat is green,large spoon
greek yogurt,g
green apples,g
green asparagus,g
green beans,g
green lentils,g
green olives,to your liking
green olives are canned,jar
green onion,g
green patch beans,g
green peas,g
green peas frozen,g
green radish,pc
green tea,bag
greens,g
greens are chopped,g
grenade grains,g
grenade juice is freshly squeezed,ml
grenades,g
grenadine,g
grenny smith apples,kg
grill,g
grissini,g
ground beef,to your liking
ground buns,pc
ground coffee,large spoon
grouse,g
grushy puree,g
gruyer,g
guanchiala,g
guava,pc
guryevskaya porridge,g
guts,g
haddock,pc
hake,g
hake fillet,g
half -hard cheese,g
half -smoked sausage,g
half -sweet chocolate,g
halibut,g
halumi,g
halva,g
halva is sunflower,g
halva vanilla,g
ham,g
hamburger,g
hamon,g
handle,g
hang -up flour,g
hard cheese,g
havart's cheese,g
hazelnut,g
hen,g
hercules,g
herring,g
herring fillet,g
hhalapeno pepper pickled,pc
himalayan salt,g
himbow oil,large spoon
home sausages,pc
home yeast,g
home-sunels,g
homemade cheese,g
homemade mayonnaise,g
honey,g
honey acacia,g
honey mushrooms,to your liking
honeysuckle,g
hop,large spoon
horse mackerel,g
horseradish,g
hot smoking fillet fillet,g
hot smoking salmon,g
hot smoking smellar,g
hot smoking trout,g
hove is wiped,g
hungry pickled,g
hunting sausages,g
hurma ripe,g
i will do the cheese,g
ice,g
ice cream,to your liking
ice cream is chocolate,ml
ice cream seal,g
iceberg lettuce,g
icing,g
imeretinsky cheese,g
indian fillet,g
indika rice,g
indo,pc
instant coffee,g
iranian dates,g
irga,g
irisks,g
isabella grapes,kg
italian herbs,g
italica fig,g
jalapeno pepper,g
jam,g
jamaisky pepper,g
japanese baby panko,g
japanese fig,g
jasmine tea,large spoon
jelly,g
jelly for the cake,package
jerusalem artichoke,g
jerusalem artichoke syrup,cup
jubilee milk cookies,g
juice,g
juice to the yuza,ml
juniper berry,g
jusai,g
kajun mixture of spices,large spoon
kalamatian olives,g
kalina,to your liking
kalina is wiped,g
kalindzhi seeds,teaspoon
kandurin gold,teaspoon
karkade,g
katyk,g
kefir,to your liking
kefir 1%,g
kefir 2.5%,g
kefir 3.2%,g
kefir is fat -free,g
keta,g
ketchup is sharp,to your liking
ketchup is tomato,g
ketchup tuskansky,large spoon
kidni red beans,g
kids,g
kimchi,g
kinoa,g
kinoa ground,g
kirsch,large spoon
kisel,g
kisel is dry,g
kiwi,kg
kiwi jelly,g
kizhum,g
kokhny salad,g
konopra seeds,g
kozlyatin is young,kg
krasnerek,pc
krasnodar sauce,g
kumin,g
kumkvaty,handful
kupat,pc
kurdish fat,g
kurin carpaccio,g
kurin's sausages,pc
kvass,g
kvass bread,g
kvass concentrate is dry,package
kvass wort,g
lady-fiche carcass,pc
laim-lim leaves,to your liking
lake fresh trout,pc
lamb,g
lamb ribs,pc
lamprey,g
langostins,pc
lapsha for lagman,package
lapsha shirataki,g
large oranges,pc
large yolks,g
latuk,g
lavash armenian,g
lavash is thin,layer
lavash persian round,g
lavender,g
lavender dye,teaspoon
lavender honey,g
lavender is dried,pinch
laymic juice,g
laymic zest,g
leaf salad,g
leaven,package
lecho,g
leek,handful
leg of lamb,g
legal sprouts,g
lemon acid,g
lemon crusts are sugary,g
lemon extract,g
lemon ice cream,to your liking
lemon juice,g
lemon pepper,g
lemon vinegar,g
lemon zest,g
lemon zuckets,g
lemonade,g
lemongrass (lemon sorgho),g
lemons,g
len seeds,g
lentils,g
lichi compote,g
light beef,g
light beer,g
light mayonnaise,g
lime,g
lime leaves,pc
limonchello,g
limonnik berries,g
limonnik stalk,g
linguistic,pc
linseed oil,teaspoon
liquid honey,g
liquid malt,g
liquid smoke,g
liquor,g
litez-shawl is red,pc
liver,g
lobster,g
long -grade rice,g
long -grain gold rice,g
long kong,pc
longan,g
losyatina,kg
lovelist,g
lungs,g
lychi,pc
maasdam,g
macadamia nuts,g
macaron products are small,g
macaron-babochka (farfalle),g
macaron-babochka (farfalle) mini,g
macaron-racks (conchiglie),g
macaron-ragate (conchiglie rigate),g
macarone banks,g
macarone bavette,g
macarone bukatini,g
macarone ditaloni,g
macarone dough for lasagna,g
macarone gilia,g
macarone orzo,g
macarone racches,g
macarone star,cup
macarone-spirali (fusilli),g
macarone-ushki (orecchiette),g
macarones of the rhizoni,g
mack is ground,g
mackerel,to your liking
mackerel fillet,g
mackeronchini,g
madeira,g
mafaldina,g
majoran is dried,g
majoran is fresh,to your liking
malt,teaspoon
malt extract,g
mandarin juice,g
mandarin puree,g
mandarins in their own juice,g
manga syrup,ml
mango,to your liking
mango canned,g
mangustin,pc
manitoba flour,g
maple syrup,g
marakuya,g
marble cheese,g
marcipan green,g
marcipan is pink,g
margarine,g
margarine is creamy,g
marinated mushrooms,g
marjoram,g
marking,g
marmalade is sandwich,g
marmelad,to your liking
marsala,cup
marshmallow,g
marshmallow cream,g
marshmallow mini,g
martini,g
martini is red,g
marzipan,to your liking
mascarpone,g
mascarpone cheese,g
mash,g
mashed potatoes,to your liking
maslins,g
maslins without bones,g
mastic,g
match,g
matsoni,g
matzo,g
mayonnaise,g
"mayonnaise ""sloboda"" easy",g
"mayonnaise ""sloboda"" olive",g
"mayonnaise ""sloboda"" on quail eggs",g
"mayonnaise ""sloboda"" provencal",g
"mayonnaise ""sloboda"" sour cream",g
"mayonnaise ""sloboda"" with lemon juice",g
"mayonnaise sauce ""sloboda""",g
meat,g
meat broth,g
meat on a bone,kg
meatballs,g
medes frozen,pc
medes in the shells,g
medes in the shells are large black,g
media,g
melissa,g
melon,g
melted butter,g
merengi,pc
microsemon,handful
milia,g
milk,g
milk 0.5%,g
milk 1.5%,g
milk 2.5%,g
milk 3.2%,g
milk 3.6%,g
milk 4%,g
milk 6%,g
milk chocolate,g
milk condensed with cocoa,g
milk goat,g
milk is concentrated,g
milk is condensed boiled,large spoon
millet,g
minced meat (lamb and beef),g
minced meat (pork and chicken),g
mineral water is soda,g
mineral water without gas,cup
mini octopus,g
mini-kukuruza,pc
mint,g
mint shnaps,g
mint syrup,g
mintai fillet,g
mintay,g
mintay liver,g
mirin sauce,to your liking
miso soup,package
miso-paste,g
mixture for cupcake,pc
mixture for oladia,g
mollen milk,g
mollusks,g
mortadella,g
mozarella ball big,g
mozarella for baking,g
mozarella for pizza,g
mozarella mini,g
mozarella with herbs,g
mozzarella,g
muesli,g
mulberry,g
mullet,g
multivitamin juice,ml
muscat white,ml
muscovado sugar,handful
muscular walnut is ground,g
muscular wine,g
mushrooms,g
mushrooms are dry,g
mushrooms are white dry,g
mussels in sinks small green,g
mustard,g
mustard citrus,g
mustard is acute,g
mustard is dry,g
mustard oil,g
mustard powder,g
mustard seeds,g
mustard with grains,g
mustard yellow seeds,g
mutton,g
nam pla fish sauce,g
nardk,g
narsharab sauce,g
nectarins,pc
nettle,g
new potatoes,g
nod,g
noodles,g
nori,g
nougat,g
nuga with nuts,g
nut butter,pc
nutella,g
nutmeg,g
nuts,g
nuts of bakers,g
oak bark,g
oat bran,g
oat flakes,g
oat flour,g
oatmeal,g
oatmeal cookies,g
oatmeal grains,g
oatmeal milk,cup
oatmeal pancakes,pc
ochek,g
octopus,g
oil,g
oil for deep fat,g
oil tanks,g
olive mayonnaise,g
olive oil,g
olive paste,g
olives,g
olives stuffed with anchovies,g
olives without bones,g
onion,g
onion husk,g
onion powder,g
onion-cut,to your liking
onions are small,g
option fruits,g
orange essence,teaspoon
orange extract,teaspoon
orange jam,g
orange jam with ginger,g
orange juice,to your liking
orange juice is freshly squeezed,g
orange liquor,g
orange sugar,g
orange syrup,cup
orange tsukati,g
orange vinegar,large spoon
orange water,g
orange zest,g
oranges,g
oregano,g
oregano dried,g
oregano fresh,g
oreo cookies,g
oyster mushrooms,g
oyster sauce,teaspoon
oysters,g
pag,g
palm oil,g
palm sugar,g
paltus caviar,g
paltus fillet,pc
pan -shaped beans,g
pancake flour,g
pancakes are ready,g
pancchtta,g
paneton,pc
pangasius,g
panifarin,g
papaya,g
papaya canned in its own juice,g
pappartela,g
paprika,g
paprika is acute smoked,g
paprika is red,large spoon
paprika is red ground,g
paprika is sweet,g
paprika is sweet with flakes,teaspoon
paprika smoked,large spoon
paprika sweet smoked,g
parked fig,g
parm ham,g
parmesan,g
parsley,g
parsley greens,g
parsley is chopped,g
parsley is dried,g
parsley italian,bunch
parsley root,g
parsnip,g
partridges,g
pasta,g
pasta dough,g
pasta harisa,large spoon
pasta tahini,g
pasta vedzhimait,g
paste,g
pate,g
patissons,g
pea soup,g
pea sprouts,handful
peach juice,g
peanut,g
peanut butter,g
peanut butter,large spoon
peanut paste,g
peanut sauce,large spoon
pear,to your liking
pear juice,g
pear liquor,ml
pear syrup,ml
pear vinegar,large spoon
pearl barley,g
pearl sugar,g
pearls pearl,cup
peas,g
pecorino,g
pectin,g
pelengas,g
penne,g
penne rigate,g
pension flour,g
peperonchino,teaspoon
peperonchino ground,pinch
peperoni pepper,g
peperoni pepper is red,pc
pepper,g
pepper bulgarian green,g
pepper bulgarian yellow,g
pepper chili green,pod
pepper chili ground,g
pepper chili pickled,to your liking
pepper chili with flakes,to your liking
pepper fragrant,pinch
pepper fragrant ground,g
pepper fragrant peas,g
pepper fresh mixture,g
pepper is sharp green,pc
pepper is sharp ground,pinch
pepper is white,g
pepper kayensky,g
pepper kayensky ground,pinch
pepper kayensky red,g
pepper paste,teaspoon
pepper peas,g
pepper pepper,g
pepper pink peas,g
pepper red flakes,pinch
pepper red peas,g
pepper senegalsky,to your liking
pepper sichuansky,g
pepper sweet yellow,g
pepper white,g
pepper white peas,to your liking
pepper with a pea mixture,g
perch,g
perch red fillet,g
perch the fillet,g
perch the sea fillet,g
peretnaya pepper,g
pereutto,g
persian,g
persian jam,g
persian marmalade,large spoon
persian puree,g
persian syrup,ml
persians canned,g
persians dried,handful
persimmon,g
peshe mignon cheese,g
pesto,to your liking
pete,to your liking
pheasant,g
philadelphia cheese,g
physalis,to your liking
pickled artichokes,g
pickled cucumbers,jar
pickled ginger,g
pickled onion,g
pickles,g
picky cornshons,g
pigeon,g
pigue,kg
pike,g
pike fillet,g
pike perch on the skin,g
pine nuts,g
pineapple juice,g
pineapple syrup,g
pineapples,g
pineapples are canned,to your liking
pineapples dried,g
pinia nuts,g
pink buds dried,g
pink petals,g
pink salmon,to your liking
pink salmon in his own juice,jar
pink water,g
pinto beans,g
pipe rigate (pipe rigate),g
pistachio flour,g
pistachio oil,g
pistachio paste,g
pistachios,g
pistachios chopped,g
pistachios peeled,g
pistachios peeled unsalted,handful
pita,to your liking
pizza dough,pc
plum,kg
plum jam,g
plum liquor,large spoon
plum pasta,g
plum sauce,g
plum wine,g
pointed dry wine,g
polba,g
polba is unripe,g
polenta,to your liking
polenta quick preparation,cup
pomegranate juice,g
pomegranate paste,large spoon
pomegranate sauce,teaspoon
pomelo,g
popcorn,g
poppy,g
poppy mass,pack
pork,g
pork boiled,g
pork bone,g
pork brisket,g
pork cheeks,pc
pork chops,g
pork chops on a bone,g
pork clipping,g
pork cutlets on a bone,pc
pork ears,pc
pork fillet,g
pork head,g
pork heart,g
pork is low -fat,g
pork knuckle,to your liking
pork korean,g
pork language,g
pork legs,g
pork liver,g
pork loin,g
pork lungs,g
pork minced meat,g
pork neck,piece
pork pashina,kg
pork pulp,g
pork ribs,g
pork slyka boiled-dumped,g
pork slyka smoked,g
pork underpass,g
pork with fat,g
porridge,g
porridge for baby food,g
port wine,g
portobello,g
potato,g
potato broth,g
potato chips,g
potato flakes,g
potato hash frozen,g
potato nokki,g
potato starch,g
potatoes baked,g
powdered sugar,g
provencal herbs,g
provolone,g
prunes,g
prunes smoked without bones,g
psillium,g
pudding,g
pudding vanilla instant,package
puding caramel,g
puff -free dough,to your liking
puff pastry,g
puff yeast dough,kg
pumpkin,g
pumpkin mashed potatoes,g
pumpkin oil,pc
pumpkin seeds,g
purified almonds,g
purslane,g
quail eggs,g
quails,carcass
quick -cook oatmeal,g
quick cooking flakes,cup
quince,to your liking
rabbit,g
rabbit a carcass,g
rabbit fillet,g
rabbit liver,g
radikkio,pc
radish,g
radish is black,pc
radish is white,pc
rafidan sugar with cinnamon,g
rafinated sugar,g
raisin,g
raisins without bones,g
rambutan,g
rapans,g
rapse oil,to your liking
raspberries,g
raspberry cream,g
raspberry dried,g
raspberry ice cream,g
raspberry is frozen,g
raspberry jam,g
raspberry jelly,g
raspberry mashed potatoes,g
raspberry sauce,teaspoon
raspberry syrup,teaspoon
raspberry tea,g
raspberry vinegar,ml
raspberry wiped with sugar,cup
ratafia,g
raw -button ham,g
ready dough,g
ready glaze,to your liking
red -smorodine jam,g
red acute sauce,g
red apples,pc
red beans,g
red beans are boiled,cup
red cabbage,g
red canned beans,g
red caviar,g
red currants,g
red currants rubbed with sugar,large spoon
red fierce pepper,g
red fillet,g
red fish,g
red fish caviar is small,g
red half -dry wine,g
red lentils,g
red onion,to your liking
red oranges,pc
red pepper,g
red pepper is ground,g
red pepper is sharp,g
red pepper sharp ground,to your liking
red perch fillet,pc
red rice,g
red sweet wine,g
red tea,g
red wine,g
red wine is dry,g
red wine is semi -sweet,g
red wine sauce,g
red wine sauce,teaspoon
refined vegetable oil,g
regan,sprig
rennet extract,teaspoon
rhubarb,g
rice,g
rice arborio,g
rice balls are airy,g
rice basmaty,g
rice brown and wild mixture,g
rice flakes,g
rice flour,g
rice for pilaf,g
rice for pudding,g
rice for risotto,g
rice for sushi,g
rice is carnaroli,g
rice jasmine,g
rice kuban,g
rice milk,ml
rice noodles,g
rice paper,g
rice starch,large spoon
rice steamed and wild mixture,g
rice vinegar,to your liking
rice viola,g
rice wild and golden mixture,g
rice wine,teaspoon
ricotta,g
ricotta is solid,g
riga balm,large spoon
rigatoni,g
roast beef,g
romic extract,teaspoon
roots,to your liking
roquefort,g
rose hip,g
rosemary,pc
rosemary is dried,to your liking
roses,g
royal shrimp,g
roybush tea,large spoon
ruff,g
rum,bottle
rum is dark,g
runned pears,g
rusnic syrup,g
russian cheese,g
russian mustard,large spoon
ryazhenka,g
ryazhenka 4%,g
rye,g
rye bran,g
rye bread,g
rye buns,piece
rye crackers,g
rye flour,g
rye sourdough,g
sacebeli sauce,g
saffron,g
safran thread,pc
sage,g
sage dried,leaf
sage fresh,bunch
sail,to your liking
saira,g
sake,large spoon
salad,g
salad frese,g
salad mix,g
salad onion,pc
salad refueling ready,g
salad romano,g
salad root,bunch
salad shrimp,g
salak,g
salami,g
sales of raw -sweded,pc
sales smoked,g
salmon,g
salmon caviar,g
salmon fillet,g
salmon fillet on the skin,g
salmon fillets,g
salmon fresh fillet,g
salmon is fresh,g
salmon is weakly salted,g
salmon milk,g
salmon minced meat,g
salo,g
salsa,g
salsa verde,teaspoon
salt,g
salt herring,pc
salt mushrooms,g
salt of large grinding,g
salt sea,g
salted salmon,g
salted tomatoes,pc
salty fern,package
salyami italian,g
sambal oelek sauce,teaspoon
sand test,to your liking
sanding cookies,g
sardinka are small,pc
sardins,g
sardins in oil,jar
sauce,g
sauerkraut,to your liking
sausage,g
sausage cheese,g
sausage of boiled-dumped,g
sausage of raw -button,g
sausages,g
sausages for frying,g
savory,g
savoy cabbage,g
savoyardi cookies,g
sayda,g
sayda fillet,g
sayra is canned,jar
scallops,kg
scarlet,g
schnapps,g
sea ​​bass,g
sea ​​​​buckthorn,g
sea ​​buckthorn syrup,cup
sea cabbage dried,g
sea ​​cocktail,package
sea fish,g
seafood,pc
seafood cocktail,g
seaming with dried mushrooms,teaspoon
seasoning 4 pepper,g
seasoning 5 spices (five spice),teaspoon
seasoning for birds,large spoon
seasoning for chicken,g
seasoning for fish,g
seasoning for lamb,large spoon
seasoning for meat,g
seasoning for paelia,to your liking
seasoning for pasta,to your liking
seasoning for pilaf,g
seasoning for pizza,teaspoon
seasoning for potatoes,g
seasoning for salads,to your liking
seasoning for seafood,to your liking
seasoning zaatar,teaspoon
seasonings,g
seat from capers,large spoon
seat from olives,large spoon
seaweed,g
seeds,g
seeds mixture,large spoon
self -sized flour,g
semga smoked,g
semolina,g
semoline,g
sephir,g
serum,g
serum protein,g
sesame,g
sesame buns,pc
sesame flour,g
sesame oil,g
sesame pasta,g
sesame seeds,to your liking
shafran ground,teaspoon
shafran imeretinsky,g
shallot,g
shampinons pickled,g
shard,g
shard panir,g
shark steaks,g
sharpic salmon,g
sheep cheese,g
sherry,cup
shiitak mushrooms,g
shitt-luk,stem
shiytake mushrooms are dry,g
shortening,cup
shrimp are frozen,g
shrimp peeled,g
shrimp peeled in brine,g
shrimps,g
sibas,g
slay steaks,g
slectic stak,g
slectic stak,pc
slightly salted herring,g
small,g
small cucumbers,pc
small sugar,g
smarked cheese,g
smelt,g
smicked breast goose,g
smoked brisket,to your liking
smoked chicken,g
smoked eel,g
smoked fish,g
smoked ham,g
smoked lard in pepper,g
smoked lard with meat layers,g
smoked meats,g
smoked mussels in oil,g
smoked turkey,g
smors are dry,g
snails,g
snails are grape,pc
snow crab,to your liking
snowball,l
soaked apples,pc
soda,g
soft cheese,to your liking
soft cottage cheese,g
soldian fish,carcass
sole,g
som fillet,g
sorrel frozen,g
sound sausages,g
sounds smoked,g
sour -milk drink tang,ml
sour cream,g
sour cream 10%,g
sour cream 15%,teaspoon
sour cream 18%,g
sour cream 20%,g
sour cream 25%,g
sour cream 30%,g
sour cream 35%,g
sour cream is low -fat,g
sour cream is non -human,g
sovetsky champagne,cup
soy,g
soy milk,g
soy sauce,g
soy sprouts,g
soybean flour,g
soybean oil,g
spaghetti,g
spaghetti lungi,g
spaghetti no. 3,g
spaghetti no. 5,g
spanish pepper is sharp,pc
spect,g
spelta,cup
speltovaya (half -bunny) flour,g
spices,g
spick,pc
spick smoked,g
spicy herbs with pepper,teaspoon
spicy pepper,g
spicy sauce,g
spinach,g
spirulina powder,g
sprat,g
sprats,g
sprats in oil,g
spread,g
sprinking confectionery,to your liking
sprinkled tomatoes,to your liking
sprout,large spoon
squids,g
squids are frozen,g
srimmorez cheese,g
srimmorez cheese smoked,g
sruise vinegar,teaspoon
st. john's wort,to your liking
starch,g
starchy molasses,g
steak,pc
stew,g
strachutella,g
straw,g
straw canned mushrooms,pc
strawberries,to your liking
strawberries are frozen,g
strawberries in syrup,g
strawberries wiped with sugar,g
strawberry,g
strawberry compote,cup
strawberry cottage cheese,g
strawberry dried,g
strawberry frozen,g
strawberry ice cream,g
strawberry jam,g
strawberry jam thick,ml
strawberry jelly,package
strawberry liquor,g
strawberry mashed potatoes,g
strawberry syrup,g
stuffing box,g
sturgeon,g
succous crumb,g
sudak fillet,g
sugar,g
sugar bone,g
sugar confectionery jewelry,handful
sugar cookies,g
sugar demerrara,g
sugar is reed,g
sugar pearls,g
sugar substitute,to your liking
sugar substitute for stevia,g
sugar syrup,g
sukhari white,g
suluguni,g
suluguni smoked,g
sumac,g
sunflower oil,g
sunflower seeds,g
supova set,g
surgery dough,g
surprosin currants,g
svan salt,g
svit,g
swede,g
sweeped prunes,g
sweet apples,g
sweet cherry,g
sweet cookies,g
sweet orange pepper,g
sweet pepper,g
sweet pepper is green,g
sweet pepper red,g
sweet pepper red pickled,pc
sweet potato,g
sweet red pepper,g
swiss cheese,g
swordfish,g
syrup,g
syrup from canned peaches,large spoon
tabasco sauce,drop
taglutella,g
taglutelle-nest,pc
talaro,g
talolini,g
tamarind,pc
tamerinda paste,teaspoon
tangerine tsukats,g
tangerines,to your liking
tapioca,g
tare is boiled,g
tarhun,g
tarragon,g
tartarus,large spoon
tartlets,to your liking
tea darjing,bag
tea earl gray,cup
tea smoked lapsang sushong,g
tempora flour,g
tequila,cup
teriyaki sauce,g
thai eggplant,g
thai fish sauce,g
thickener for cream,g
thyme,handful
thyme,g
thyme is dried,g
tiger shrimp,g
tilapia,g
tilapia fillet,g
tilsiter,g
timyan is fresh,to your liking
timyan is lemon,sprig
titanium dioxide,g
tkemali,g
tkemali sauce,cup
tkemali sauce,large spoon
tkemali sauce,g
toast,g
tofu,g
tomato concentrate,g
tomato juice,g
tomato paste,g
tomato powder,g
tomato puree,g
tomato sauce,g
tomato sauce is sharp,g
tomato sauce italian,g
tomato sauce with basil,g
tomatoes,g
tomatoes are brown,g
tomatoes are green,kg
tomatoes are wiped passato,g
tomatoes are yellow,pc
tomatoes canned in their own juice with basilic,g
tomatoes dried with flakes,g
tonic,bottle
tortillas,to your liking
tortillas,g
translated sheet for chocolate,pc
treated fat,cup
trout,g
trout fillet,g
trout steaks,pc
truffel sweets,g
truffle,g
truffle crumbs,g
truffle is black,pc
truffle oil,large spoon
tsukini,g
tsukini flowers,pc
tuna,to your liking
tuna fillet,g
turkey,g
turkey breast,g
turkey carcass,pc
turkey liver,g
turkey minced turkey,g
turkey shin,g
turmeric,g
turnip,g
turnip is white,pc
tushka duck,carcass
ugurt,g
unrefined vegetable oil,cup
utskho-sunels,g
valine veal,g
vanilla essence,g
vanilla extract,to your liking
vanilla ice cream,g
vanilla in pods,g
vanilla powder,g
vanilla pudding,g
vanilla sugar,g
vanilla sugar powder,g
vanilla syrup,g
vanilla tincture,large spoon
vanillin,g
veal,to your liking
vegetable broth,to your liking
vegetable milk,cup
vegetable mix,g
vegetable mixture in chinese,g
vegetable oil,g
vegetable oil for frying,g
vegetables,g
venison,g
vermicelli,g
vermichel eggs,g
vermouth,g
vermouth dry,g
vermouth white,g
vinaigrette,g
vinegar,g
vinegar 9%,g
vinegar essence,g
vinegar from cider,large spoon
violets are sugared,pc
vitamin c in powder,g
vodka,g
vontonov dough,g
wafer cakes,g
wafer tubes,g
waffle baby,g
waffles,g
walnut crumb,cup
walnut liquor,ml
walnut oil,teaspoon
walnuts,g
warm is ground,g
water,g
watermelon flesh,g
watermelons,g
wededly frozen,g
wheat,g
wheat bran,g
wheat flakes,g
wheat flour,g
wheat germs,cup
wheat groats,g
wheat sprouts,g
wheat-ruffed bread and grains,g
whiskey,g
white asparagus,g
white beans,g
white bread,g
white cabbage,g
white callous buns,g
white dining wine,cup
white dry bread,g
white fish,g
white glaze,g
white grapes,g
white lima beans,g
white mushrooms,g
white mushrooms are frozen,g
white mushrooms are pickled,g
white onions,to your liking
white raisins,g
white roll,g
white semi -sweet wine,g
white sweet wine,g
white wine,to your liking
whole bean coffee,cup
whole grain bread,g
whole grain flour,g
whole grain wheat flour,g
wholemeal flour,g
wild boar meat,g
wild rice,g
wine is pink half -dry,g
wine is pink semi -sweet,large spoon
wine is white half -dry,g
wine vinegar,g
wine vinegar is white,g
wine vinegar on garlic,teaspoon
wine vinegar on the stage,large spoon
wizards are young,g
wostershire sauce,g
wrap boiled,g
wrived berries,to your liking
yagnitina,g
yagnitina froshch,g
yagnyachi chop on a bone,pc
yagnyachi korea,g
yagnyachi was chopped,g
yagnyatina kostrets,g
yeast dough,to your liking
yesterday's buns,pc
yogurt,g
yogurt cosius,g
yogurt fruity,g
yogurt is fat,g
yogurt is fat -free,g
yogurt is low -fat,g
yogurt is natural,g
young asparagus,g
young carrots,g
young frozen beans,g
young spinach,g
zaatar,pinch
zagska is rye,g
zaichatina,g
zander,g
zheliting sugar,g
zira,g
zubatka,g
zubatka fillet,g
zucchini,g
zucchini are frozen,g
zyokko,ml